username,email

milon,milon@semicolonit.com
arjuman,arjuman@semicolonit.com
milon,milon@semicolonit.com
arjuman,arjuman@semicolonit.com
milon,
arjuman,arjuman@semicolonit.com
milon,milon@semicolonit.com
,arjuman@semicolonit.com
milon,milon@semicolonit.com
arjuman,arjuman@semicolonit.com
milon,milon@semicolonit.com
arjuman,arjuman@semicolonit.com
milon,milon@semicolonit.com
arjuman,arjuman@semicolonit.com
milon,milon@semicolonit.com
arjuman,arjuman@semicolonit.com
milon,milon@semicolonit.com
arjuman,arjuman@semicolonit.com
milon,milon@semicolonit.com
arjuman,arjuman@semicolonit.com


milon,milon@semicolonit.com
arjuman,arjuman@semicolonit.com
milon,milon@semicolonit.com
arjuman,arjuman@semicolonit.com
milon,milon@semicolonit.com
arjuman,done
milon,milon@semicolonit.com
arjuman,arjuman@semicolonit.com
milon,milon@semicolonit.com

arjuman,arjuman@semicolonit.com
milon,milon@semicolonit.com
arjuman,arjuman@semicolonit.com
milon,milon@semicolonit.com
arjuman,final
milon,milon@semicolonit.com
arjuman,arjuman@semicolonit.com
